{
    "J/(mol*K)": 8.314462618,
    "L*kPa/(mol*K)": 8.314462618,
    "L*atm/(mol*K)": 0.08205736608096,
    "cm^3*atm/(mol*K)": 82.05736608096,
    "cal/(mol*K)": 1.98720361113,
    "erg/(mol*K)": 83144626.18,
    "ft*lbf/(mol*K)": 5.97926319217,
    "ft^3*psi/(mol*K)": 0.00131578966214,
    "gal*mmHg/(mol*K)": 2.0027801634,
    "gal*torr/(mol*K)": 2.0027801634,
    "L*mmHg/(mol*K)": 62.363577959,
    "L*torr/(mol*K)": 62.363577959,
    "m^3*Pa/(mol*K)": 8.314462618
}