{
    "J/(mol\u00b7K)": 8.314462618,
    "L\u00b7kPa/(mol\u00b7K)": 8.314462618,
    "L\u00b7atm/(mol\u00b7K)": 0.08205736608096,
    "cm^3\u00b7atm/(mol\u00b7K)": 82.05736608096,
    "cal/(mol\u00b7K)": 1.98720361113,
    "erg/(mol\u00b7K)": 83144626.18,
    "ft\u00b7lbf/(mol\u00b7K)": 5.97926319217,
    "ft^3\u00b7psi/(mol\u00b7K)": 0.00131578966214,
    "gal\u00b7mmHg/(mol\u00b7K)": 2.0027801634,
    "gal\u00b7torr/(mol\u00b7K)": 2.0027801634,
    "L\u00b7mmHg/(mol\u00b7K)": 62.363577959,
    "L\u00b7torr/(mol\u00b7K)": 62.363577959,
    "m^3\u00b7Pa/(mol\u00b7K)": 8.314462618
}